{"cameraMode":{"drawMode":0,"name":"Shaded","section":"Shading Mode"},"sceneLighting":true,"audioPlay":false,"sceneViewState":{"m_AlwaysRefresh":false,"showFog":true,"showSkybox":true,"showFlares":true,"showImageEffects":true,"showParticleSystems":true,"showVisualEffectGraphs":true,"m_FxEnabled":true},"in2DMode":false,"pivot":{"x":0.09225209802389145,"y":-0.1822417825460434,"z":-1.1168469190597535},"rotation":{"x":-0.00374992354772985,"y":-0.0059999204240739349,"z":-0.000022499807528220117,"w":0.9999746680259705},"size":5.750921726226807,"orthographic":true}